timestamp,cpu_pct,ram_pct,disk_read_bps,disk_write_bps,net_down_bps,net_up_bps,gpu_pct,core0_pct,core1_pct,core2_pct,core3_pct,core4_pct,core5_pct,core6_pct,core7_pct,core8_pct,core9_pct,core10_pct,core11_pct,core12_pct,core13_pct,core14_pct,core15_pct,core16_pct,core17_pct,core18_pct,core19_pct
2026-10-05 17:47:58,11.12,29.00,0.00,0.00,1582.00,0.00,2.81,2.81,9.08,18.49,9.08,2.81,15.35,12.22,24.76,34.16,31.03,15.35,2.81,2.81,5.95,2.81,2.81,9.08,5.95,12.22
2026-10-05 17:48:08,0.00,29.00,0.00,0.00,0.00,0.00,2.32,2.32,0.00,0.00,8.42,5.37,8.42,23.68,0.00,0.00,0.00,0.00,0.00,8.42,5.37,14.53,0.00,0.00,2.32,5.37
2026-10-05 17:48:18,22.30,30.00,131746.25,1509935.55,388808.00,31094.00,34.07,15.24,15.24,27.79,40.35,24.65,62.33,24.65,15.24,21.51,0.00,27.79,24.65,24.65,30.93,30.93,27.79,30.93,18.37,24.65
2026-10-05 17:48:28,4.96,31.00,127166.98,0.00,0.00,0.00,0.00,6.02,0.00,6.02,18.15,15.11,12.08,6.02,2.99,9.05,0.00,0.00,15.11,0.00,24.21,12.08,0.00,0.00,6.02,0.00
2026-10-05 17:48:38,8.56,41.00,0.00,36757.20,1582.00,0.00,0.00,2.95,0.00,0.00,5.98,15.08,9.01,5.98,30.24,5.98,9.01,2.95,0.00,9.01,12.05,100.00,0.00,18.11,0.00,18.11
2026-10-05 17:48:49,18.15,65.00,133806.74,409783.15,0.00,0.00,1.08,7.46,1.08,1.08,7.46,7.46,4.27,23.42,0.00,26.61,4.27,0.00,7.46,1.08,100.00,1.08,20.23,93.62,100.00,20.23
2026-10-05 17:48:59,18.46,65.00,0.00,0.00,0.00,0.00,0.22,9.57,0.00,0.00,9.57,6.45,18.93,6.45,6.45,0.00,0.00,0.00,9.57,12.69,6.45,0.22,25.16,100.00,100.00,100.00
2026-10-05 17:49:09,13.94,53.00,0.00,133309.33,0.00,0.00,7.74,14.10,7.74,0.00,1.38,23.65,7.74,20.47,0.00,23.65,1.38,0.00,1.38,10.92,17.28,14.10,100.00,20.47,93.64,17.28
2026-10-05 17:49:19,3.57,31.00,0.00,261595.23,0.00,378.00,0.14,0.14,3.26,0.00,0.14,18.86,9.50,3.26,0.00,0.00,0.14,0.14,0.14,6.38,0.00,0.00,15.74,9.50,28.22,18.86
2026-10-05 17:49:29,4.25,31.00,0.00,25506.93,602.00,525.00,7.24,13.23,0.00,1.26,0.00,25.19,10.23,13.23,0.00,0.00,4.25,4.25,1.26,1.26,0.00,0.00,16.22,7.24,4.25,7.24
2026-10-05 17:49:39,0.00,31.00,0.00,0.00,0.00,0.00,0.00,5.67,0.00,0.00,2.63,14.80,11.76,11.76,0.00,2.63,0.00,0.00,14.80,2.63,8.72,17.85,0.00,0.00,0.00,0.00
